Topic 1 - Easy,Topic 2 - Easy,Topic 3 - Easy,Topic 4 - Easy,Topic 5 - Easy,Topic 1 - Hard,Topic 2 - Hard,Topic 3 - Hard,Topic 4 - Hard,Topic 5 - Hard
Đúng,Sai,Chưa làm,Đúng,Chưa làm,Chưa làm,Chưa làm,Đúng,Chưa làm,Chưa làm
Sai,Chưa làm,Chưa làm,Sai,Đúng,Chưa làm,Chưa làm,Chưa làm,Chưa làm,Chưa làm
Sai,Chưa làm,Chưa làm,Sai,Đúng,Chưa làm,Chưa làm,Chưa làm,Chưa làm,Đúng
Đúng,Chưa làm,Chưa làm,Chưa làm,Đúng,Chưa làm,Chưa làm,Chưa làm,Chưa làm,Đúng
Đúng,Chưa làm,Chưa làm,Chưa làm,Chưa làm,Chưa làm,Chưa làm,Chưa làm,Chưa làm,Chưa làm
Chưa làm,Chưa làm,Chưa làm,Chưa làm,Chưa làm,Chưa làm,Chưa làm,Chưa làm,Chưa làm,Chưa làm
Chưa làm,Chưa làm,Chưa làm,Chưa làm,Chưa làm,Chưa làm,Chưa làm,Chưa làm,Chưa làm,Chưa làm
Chưa làm,Chưa làm,Chưa làm,Chưa làm,Chưa làm,Chưa làm,Chưa làm,Chưa làm,Chưa làm,Chưa làm
Chưa làm,Chưa làm,Chưa làm,Chưa làm,Chưa làm,Chưa làm,Chưa làm,Chưa làm,Chưa làm,Chưa làm
Chưa làm,Chưa làm,Chưa làm,Chưa làm,Chưa làm,Chưa làm,Chưa làm,Chưa làm,Sai,Chưa làm
